{"cameraMode":{"drawMode":0,"name":"Shaded","section":"Shading Mode"},"sceneLighting":true,"audioPlay":false,"sceneViewState":{"showFog":true,"showMaterialUpdate":true,"showSkybox":true,"showFlares":true,"showImageEffects":true,"showParticleSystems":true},"in2DMode":false,"pivot":{"x":-2.7457876205444338,"y":1.464249849319458,"z":2.0991153717041017},"rotation":{"x":0.000710801687091589,"y":0.9989643692970276,"z":-0.016794132068753244,"w":0.04228244721889496},"size":2.6134979724884035,"orthographic":false}