{"cameraMode":{"drawMode":0,"name":"Shaded","section":"Shading Mode"},"sceneLighting":true,"audioPlay":false,"sceneViewState":{"showFog":true,"showMaterialUpdate":true,"showSkybox":true,"showFlares":true,"showImageEffects":true,"showParticleSystems":true},"in2DMode":false,"pivot":{"x":-4.768257141113281,"y":0.7553714513778687,"z":1.951541781425476},"rotation":{"x":0.000710801687091589,"y":0.9989643692970276,"z":-0.016794132068753244,"w":0.04228244721889496},"size":3.513497829437256,"orthographic":false}